日期,月份,品項,金額,分類
2026-06-27,2026-06,吃飯200,200,餐飲食品
2026-06-27,2026-06,喝水17,17,餐飲食品
2026-06-27,2026-06,鞋子5000,5000,美妝娛樂
2026-06-27,2026-06,跳舞200,200,運動休閒
2026-06-27,2026-06,燙頭髮，3200,3200,美妝娛樂
2026-06-27,2026-06,搭車月票1200,1200,交通運輸
2026-06-27,2026-06,晚餐620,620,餐飲食品
2026-06-27,2026-06,星巴克80,80,餐飲食品
2026-06-27,2026-06,停車費20,20,交通運輸
2026-06-27,2026-06,加油100,100,其他
2026-06-28,2026-06,跟阿賢吃中餐350,350,餐飲食品
2026-06-29,2026-06,屈臣氏140,140,美妝娛樂
2026-06-29,2026-06,吃飯服務費50,50,餐飲食品
2026-06-29,2026-06,中餐160,160,餐飲食品
2026-06-29,2026-06,晚餐160,160,餐飲食品
2026-06-29,2026-06,手搖飲75,75,餐飲食品
2026-06-30,2026-06,晚餐74,74,餐飲食品
2026-07-01,2026-07,早餐20,20,餐飲食品
2026-07-01,2026-07,午餐428,428,餐飲食品
2026-07-01,2026-07,晚餐350,350,餐飲食品
2026-07-03,2026-07,星巴克70,70,餐飲食品
2026-07-04,2026-07,外國人招呼1700,1700,其他
2026-07-06,2026-07,早餐100,100,餐飲食品
2026-07-08,2026-07,美妝693,693,其他
2026-07-08,2026-07,午餐150,150,餐飲食品
2026-07-09,2026-07,午餐55,55,餐飲食品
2026-07-09,2026-07,晚餐275,275,餐飲食品
2026-07-10,2026-07,水15,15,餐飲食品
2026-07-11,2026-07,美妝675,675,其他
2026-07-12,2026-07,衣服1080（內褲,1080,美妝娛樂
2026-07-12,2026-07,帽子500（衣物,500,其他
2026-07-13,2026-07,午餐85,85,餐飲食品
2026-07-13,2026-07,晚餐103,103,餐飲食品
2026-07-14,2026-07,早餐45,45,餐飲食品
2026-07-14,2026-07,牙膏360,360,其他
2026-07-14,2026-07,晚餐85,85,餐飲食品
2026-07-15,2026-07,水33,33,餐飲食品
2026-07-15,2026-07,午餐140,140,餐飲食品
2026-07-15,2026-07,晚餐147,147,餐飲食品
2026-07-16,2026-07,能量飲20,20,其他
2026-07-16,2026-07,午餐35,35,餐飲食品
2026-07-16,2026-07,晚餐605,605,餐飲食品
2026-07-16,2026-07,衣服2751,2751,美妝娛樂
2026-07-17,2026-07,晚餐358,358,餐飲食品
2026-07-17,2026-07,午餐405,405,餐飲食品
2026-07-21,2026-07,吃的253,253,餐飲食品
2026-07-21,2026-07,藥品100,100,醫療保健
2026-07-21,2026-07,中餐380,380,餐飲食品
2026-07-21,2026-07,立槳運動，1700,1700,運動休閒
2026-07-21,2026-07,喝的24（牛奶,24,餐飲食品
2026-07-23,2026-07,吃蛋糕210,210,餐飲食品
2026-07-23,2026-07,晚餐290,290,餐飲食品
2026-07-23,2026-07,運動（朔溪 1290,1290,運動休閒
2026-07-23,2026-07,晚餐125,125,餐飲食品
2026-07-23,2026-07,汽車公路使用養護安全管理費4800,4800,交通運輸
2026-07-24,2026-07,晚餐473,473,餐飲食品
2026-07-24,2026-07,早餐200,200,餐飲食品
2026-07-25,2026-07,美容（醫美）7000,7000,醫療保健
2026-07-25,2026-07,午餐700,700,餐飲食品
2026-07-25,2026-07,水100,100,餐飲食品
2026-07-27,2026-07,水50,50,餐飲食品
2026-07-27,2026-07,午餐232,232,餐飲食品
2026-07-27,2026-07,遊戲格子759,759,其他
2026-07-27,2026-07,巧克力（吃 120,120,餐飲食品
2026-07-27,2026-07,早餐105,105,餐飲食品
2026-07-27,2026-07,衛生棉210,210,其他
2026-07-28,2026-07,午餐1000,1000,餐飲食品
2026-07-29,2026-07,晚餐350,350,餐飲食品
2026-07-29,2026-07,禮物445,445,其他
2026-07-29,2026-07,早餐350,350,餐飲食品
2026-07-30,2026-07,吃肉桂捲120,120,餐飲食品
2026-07-30,2026-07,小禮物200,200,其他
2026-07-31,2026-07,晚餐45,45,餐飲食品
2026-07-31,2026-07,午餐320,320,餐飲食品
2026-07-31,2026-07,晚餐50,50,餐飲食品
2026-07-31,2026-07,剪頭髮200,200,美妝娛樂
2026-07-31,2026-07,看醫生200,200,醫療保健
2026-08-01,2026-08,買衣服2800,2800,美妝娛樂
2026-08-01,2026-08,午餐330,330,餐飲食品
2026-08-02,2026-08,衣服1400,1400,美妝娛樂
2026-08-02,2026-08,電影票40,40,其他
2026-08-02,2026-08,午餐165,165,餐飲食品
2026-08-03,2026-08,晚餐320,320,餐飲食品
2026-08-03,2026-08,午餐600,600,餐飲食品
2026-08-04,2026-08,午餐350,350,餐飲食品
2026-08-04,2026-08,晚餐130,130,餐飲食品
2026-08-05,2026-08,午餐300,300,餐飲食品
2026-08-05,2026-08,塔羅牌377,377,其他
2026-08-05,2026-08,雨傘205,205,其他
2026-08-05,2026-08,晚餐400,400,餐飲食品
2026-08-06,2026-08,午餐50,50,餐飲食品
2026-08-07,2026-08,午餐210,210,餐飲食品
2026-08-07,2026-08,晚餐210,210,餐飲食品
2026-08-08,2026-08,午餐180,180,餐飲食品
2026-08-08,2026-08,衣服1600,1600,美妝娛樂
2026-08-08,2026-08,飲料蛋糕150,150,餐飲食品
2026-08-09,2026-08,晚餐400,400,餐飲食品
2026-08-09,2026-08,午餐300,300,餐飲食品
2026-08-09,2026-08,晚餐220,220,餐飲食品
2026-08-10,2026-08,午餐200,200,餐飲食品
2026-08-11,2026-08,水麵包60,60,餐飲食品
2026-08-11,2026-08,午餐160,160,餐飲食品
2026-08-12,2026-08,飲料140,140,餐飲食品
2026-08-12,2026-08,早餐382,382,餐飲食品
2026-08-12,2026-08,晚餐140,140,餐飲食品
2026-08-13,2026-08,早餐575,575,餐飲食品
2026-08-14,2026-08,午餐210,210,餐飲食品
2026-08-14,2026-08,早餐（明日葉）1900,1900,餐飲食品
2026-08-14,2026-08,晚餐80,80,餐飲食品
2026-08-14,2026-08,旺均生日禮物125,125,其他
2026-08-17,2026-08,午餐351,351,餐飲食品
2026-08-18,2026-08,晚餐25,25,餐飲食品
2026-08-19,2026-08,午餐155,155,餐飲食品
2026-08-19,2026-08,喝咖啡55,55,餐飲食品
2026-08-20,2026-08,晚餐540,540,餐飲食品
2026-08-20,2026-08,午餐260,260,餐飲食品
2026-08-20,2026-08,買書310,310,美妝娛樂
2026-08-22,2026-08,午餐85,85,餐飲食品
2026-08-22,2026-08,晚餐80,80,餐飲食品
2026-08-22,2026-08,喝水20,20,餐飲食品
2026-08-23,2026-08,午餐220,220,餐飲食品
2026-08-23,2026-08,喝水20,20,餐飲食品
2026-08-23,2026-08,晚餐80,80,餐飲食品
2026-08-24,2026-08,早餐380,380,餐飲食品
2026-08-25,2026-08,早餐80,80,餐飲食品
2026-08-26,2026-08,早餐90,90,餐飲食品
2026-08-26,2026-08,午餐110,110,餐飲食品
2026-08-26,2026-08,早餐200,200,餐飲食品
2026-08-27,2026-08,晚餐400,400,餐飲食品
2026-08-28,2026-08,午餐200,200,餐飲食品
2026-08-28,2026-08,衛生紙，150,150,居家生活
